---
title: SQL语句
---

1. 创建一个数据库表

```sql
CREATE TABLE `person` (
  `id` int(10) unsigned NOT NULL AUTO_INCREMENT COMMENT '自增编号',
  `name` varchar(64) COLLATE utf8_bin NOT NULL DEFAULT '' COMMENT '姓名',
  `age` tinyint(4) unsigned NOT NULL DEFAULT '0' COMMENT '年龄',
  `height` int(10) unsigned NOT NULL DEFAULT '0' COMMENT '身高',
  `weight` int(10) unsigned NOT NULL DEFAULT '0' COMMENT '体重',
  `score` int(10) unsigned NOT NULL DEFAULT '0' COMMENT '得分',
  PRIMARY KEY (`id`),
  UNIQUE KEY `name` (`name`)
) ENGINE=InnoDB AUTO_INCREMENT=1 DEFAULT CHARSET=utf8 COLLATE=utf8_bin COMMENT='名单列表';

CREATE TABLE `university` (
  `id_u` int(10) unsigned NOT NULL AUTO_INCREMENT COMMENT '自增编号',
  `id_p` varchar(64) COLLATE utf8_bin NOT NULL DEFAULT '' COMMENT '编号',
  `university` varchar(64) COLLATE utf8_bin NOT NULL DEFAULT '' COMMENT '大学',
  PRIMARY KEY (`id_u`)
) ENGINE=InnoDB AUTO_INCREMENT=1 DEFAULT CHARSET=utf8 COLLATE=utf8_bin COMMENT='大学列表';

CREATE TABLE `university_bak` (
  `id_u` int(10) unsigned NOT NULL AUTO_INCREMENT COMMENT '自增编号',
  `id_p` varchar(64) COLLATE utf8_bin NOT NULL DEFAULT '' COMMENT '编号',
  `university` varchar(64) COLLATE utf8_bin NOT NULL DEFAULT '' COMMENT '大学',
  PRIMARY KEY (`id_u`)
) ENGINE=InnoDB AUTO_INCREMENT=1 DEFAULT CHARSET=utf8 COLLATE=utf8_bin COMMENT='大学列表';
```
2. 向表中写入数据

```sql
INSERT INTO person (name, age, height, weight, score) VALUES ('louis', 26, 69, 173, 98);
INSERT INTO person (name, age, height, weight, score) VALUES ('shana', 13, 35, 150, 98);
INSERT INTO person (name, age, height, weight, score) VALUES ('miku', 16, 40, 160, 90);
INSERT INTO person (name, age, height, weight, score) VALUES ('asuka', 15, 45, 163, 100);
INSERT INTO person (name, age, score) VALUES ('nazumi', '20', '80');

INSERT INTO university (id_p, university) VALUES (1, 'Peiking University');
INSERT INTO university (id_p, university) VALUES (2, 'Tokyo University');
INSERT INTO university (id_p, university) VALUES (3, 'Tsinghua University');
INSERT INTO university (id_p, university) VALUES (5, 'USTC');
INSERT INTO university (id_p, university) VALUES (6, 'Central South University');
INSERT INTO university (id_p, university) VALUES (7, 'Shanghai Jiaotong University');

INSERT INTO university_bak (id_p, university) VALUES (1, 'PKU');
INSERT INTO university_bak (id_p, university) VALUES (2, 'TYU');
INSERT INTO university_bak (id_p, university) VALUES (3, 'TSU');
INSERT INTO university_bak (id_p, university) VALUES (5, 'University of Science and Technology of China');
INSERT INTO university_bak (id_p, university) VALUES (6, 'CSU');
INSERT INTO university_bak (id_p, university) VALUES (7, 'SHJTU');
INSERT INTO university_bak (id_p, university) VALUES (7, 'MIT');
INSERT INTO university_bak (id_p, university) VALUES (8, 'USTC');
```

3. 从表中选取数据

```sql
mysql> SELECT name, score FROM person;
+--------+-------+
| name   | score |
+--------+-------+
| nazumi |    80 |
| shana  |    98 |
| miku   |    90 |
| asuka  |   100 |
| louis  |    98 |
+--------+-------+
5 rows in set (0.00 sec)

mysql> SELECT DISTINCT score FROM person;
+-------+
| score |
+-------+
|    80 |
|    98 |
|    90 |
|   100 |
+-------+
4 rows in set (0.00 sec)

mysql> SELECT * FROM person WHERE score LIKE '9%';
+----+-------+-----+--------+--------+-------+
| id | name  | age | height | weight | score |
+----+-------+-----+--------+--------+-------+
|  2 | shana |  13 |     35 |    150 |    98 |
|  3 | miku  |  16 |     40 |    160 |    90 |
|  5 | louis |  26 |     69 |    173 |    98 |
+----+-------+-----+--------+--------+-------+
3 rows in set (0.04 sec)

mysql> SELECT * FROM person WHERE score BETWEEN 90 AND 99;
+----+-------+-----+--------+--------+-------+
| id | name  | age | height | weight | score |
+----+-------+-----+--------+--------+-------+
|  2 | shana |  13 |     35 |    150 |    98 |
|  3 | miku  |  16 |     40 |    160 |    90 |
|  5 | louis |  26 |     69 |    173 |    98 |
+----+-------+-----+--------+--------+-------+
3 rows in set (0.00 sec)

mysql> SELECT * FROM person WHERE name IN ('louis', 'miku');
+----+-------+-----+--------+--------+-------+
| id | name  | age | height | weight | score |
+----+-------+-----+--------+--------+-------+
|  3 | miku  |  16 |     40 |    160 |    90 |
|  5 | louis |  26 |     69 |    173 |    98 |
+----+-------+-----+--------+--------+-------+
2 rows in set (0.03 sec)

mysql> SELECT * FROM person WHERE ( score=98 AND name='louis' ) OR name='nazumi';
+----+--------+-----+--------+--------+-------+
| id | name   | age | height | weight | score |
+----+--------+-----+--------+--------+-------+
|  1 | nazumi |  20 |      0 |      0 |    80 |
|  5 | louis  |  26 |     69 |    173 |    98 |
+----+--------+-----+--------+--------+-------+
2 rows in set (0.00 sec)

mysql> SELECT * FROM person ORDER BY score DESC, name ASC;
+----+--------+-----+--------+--------+-------+
| id | name   | age | height | weight | score |
+----+--------+-----+--------+--------+-------+
|  4 | asuka  |  15 |     45 |    163 |   100 |
|  5 | louis  |  26 |     69 |    173 |    98 |
|  2 | shana  |  13 |     35 |    150 |    98 |
|  3 | miku   |  16 |     40 |    160 |    90 |
|  1 | nazumi |  20 |      0 |      0 |    80 |
+----+--------+-----+--------+--------+-------+
5 rows in set (0.00 sec)

mysql> SELECT height AS h, weight AS w FROM person;
+----+-----+
| h  | w   |
+----+-----+
|  0 |   0 |
| 35 | 150 |
| 40 | 160 |
| 45 | 163 |
| 69 | 173 |
+----+-----+
5 rows in set (0.00 sec)

mysql> SELECT person.id, person.name, university.university FROM person, university WHERE person.id=university.id_p;
+----+--------+---------------------+
| id | name   | university          |
+----+--------+---------------------+
|  1 | nazumi | Peiking University  |
|  2 | shana  | Tokyo University    |
|  3 | miku   | Tsinghua University |
|  5 | louis  | USTC                |
+----+--------+---------------------+
4 rows in set (0.00 sec)

mysql> SELECT person.id, person.name, university.university FROM person INNER JOIN university ON person.id=university.id_p ORDER BY person.name;
+----+--------+---------------------+
| id | name   | university          |
+----+--------+---------------------+
|  1 | louis  | Peiking University  |
|  3 | miku   | Tsinghua University |
|  5 | nazumi | USTC                |
|  2 | shana  | Tokyo University    |
+----+--------+---------------------+
4 rows in set (0.00 sec)

mysql> SELECT person.id, person.name, university.university FROM person RIGHT JOIN university ON person.id=university.id_p ORDER BY person.name;
+------+--------+------------------------------+
| id   | name   | university                   |
+------+--------+------------------------------+
| NULL | NULL   | Central South University     |
| NULL | NULL   | Shanghai Jiaotong University |
|    1 | louis  | Peiking University           |
|    3 | miku   | Tsinghua University          |
|    5 | nazumi | USTC                         |
|    2 | shana  | Tokyo University             |
+------+--------+------------------------------+
6 rows in set (0.00 sec)

mysql> SELECT person.id, person.name, university.university FROM person LEFT JOIN university ON person.id=university.id_p ORDER BY person.id;
+----+--------+---------------------+
| id | name   | university          |
+----+--------+---------------------+
|  1 | louis  | Peiking University  |
|  2 | shana  | Tokyo University    |
|  3 | miku   | Tsinghua University |
|  4 | asuka  | NULL                |
|  5 | nazumi | USTC                |
+----+--------+---------------------+
5 rows in set (0.00 sec)

mysql> SELECT university FROM university UNION SELECT university FROM university_bak ORDER BY university;
+-----------------------------------------------+
| university                                    |
+-----------------------------------------------+
| CSU                                           |
| Central South University                      |
| MIT                                           |
| PKU                                           |
| Peiking University                            |
| SHJTU                                         |
| Shanghai Jiaotong University                  |
| TSU                                           |
| TYU                                           |
| Tokyo University                              |
| Tsinghua University                           |
| USTC                                          |
| University of Science and Technology of China |
+-----------------------------------------------+
13 rows in set (0.00 sec)

mysql> SELECT university FROM university UNION ALL SELECT university FROM university_bak ORDER BY university;
+-----------------------------------------------+
| university                                    |
+-----------------------------------------------+
| CSU                                           |
| Central South University                      |
| MIT                                           |
| PKU                                           |
| Peiking University                            |
| SHJTU                                         |
| Shanghai Jiaotong University                  |
| TSU                                           |
| TYU                                           |
| Tokyo University                              |
| Tsinghua University                           |
| USTC                                          |
| USTC                                          |
| University of Science and Technology of China |
+-----------------------------------------------+
14 rows in set (0.00 sec)

mysql> ALTER TABLE person ADD COLUMN sex tinyint(4) DEFAULT 0;
+----+--------+-----+--------+--------+-------+------+
| id | name   | age | height | weight | score | sex  |
+----+--------+-----+--------+--------+-------+------+
|  1 | louis  |  26 |     69 |    173 |    98 |    0 |
|  2 | shana  |  13 |     35 |    150 |    98 |    0 |
|  3 | miku   |  16 |     40 |    160 |    90 |    0 |
|  4 | asuka  |  15 |     45 |    163 |   100 |    0 |
|  5 | nazumi |  20 |      0 |      0 |    80 |    0 |
+----+--------+-----+--------+--------+-------+------+
5 rows in set (0.00 sec)

mysql> ALTER TABLE person DROP COLUMN sex;
+----+--------+-----+--------+--------+-------+
| id | name   | age | height | weight | score |
+----+--------+-----+--------+--------+-------+
|  1 | louis  |  26 |     69 |    173 |    98 |
|  2 | shana  |  13 |     35 |    150 |    98 |
|  3 | miku   |  16 |     40 |    160 |    90 |
|  4 | asuka  |  15 |     45 |    163 |   100 |
|  5 | nazumi |  20 |      0 |      0 |    80 |
+----+--------+-----+--------+--------+-------+
5 rows in set (0.00 sec)




```

4.
